{"accuracy": [0.017587939277291298, 0.033919598907232285, 0.054020099341869354, 0.054020099341869354, 0.07914572954177856, 0.07412060350179672, 0.11809045076370239, 0.17462311685085297, 0.19346733391284943, 0.2248743772506714, 0.25628140568733215, 0.2726130783557892, 0.3002512454986572, 0.3304020166397095, 0.36055275797843933, 0.3793969750404358, 0.38944724202156067, 0.4057788848876953, 0.42085427045822144, 0.45979899168014526, 0.49371859431266785, 0.4874371886253357, 0.5213567614555359, 0.5464823842048645, 0.5138190984725952, 0.5678392052650452, 0.5665829181671143, 0.5678392052650452, 0.5678392052650452, 0.5954774022102356, 0.6055276393890381, 0.6180904507637024, 0.626884400844574, 0.6281406879425049, 0.6457286477088928, 0.6381909251213074, 0.6494975090026855, 0.6997487545013428, 0.6834170818328857, 0.7072864174842834, 0.7148241400718689, 0.7424623370170593, 0.6846733689308167, 0.6783919334411621, 0.7198492288589478, 0.713567852973938, 0.7248743772506714, 0.7123115658760071, 0.7148241400718689, 0.733668327331543, 0.7311557531356812, 0.729899525642395, 0.7550251483917236, 0.7437185645103455, 0.75, 0.7449748516082764, 0.7474874258041382, 0.7537688612937927, 0.7487437129020691, 0.786432147026062, 0.7801507711410522, 0.7851758599281311, 0.7751256227493286, 0.7650753855705261, 0.7713567614555359, 0.7851758599281311, 0.7964823842048645, 0.7839195728302002, 0.7927135825157166, 0.8015075325965881, 0.7839195728302002, 0.7914572954177856, 0.7851758599281311, 0.8002512454986572, 0.8266331553459167, 0.7989949584007263, 0.7914572954177856, 0.8216080665588379, 0.8190954923629761, 0.8278894424438477, 0.8153266310691833, 0.8216080665588379, 0.8253768682479858, 0.8115577697753906, 0.8241205811500549, 0.8128140568733215, 0.8103014826774597, 0.8190954923629761, 0.8103014826774597, 0.8052763938903809, 0.8354271650314331, 0.8341708779335022, 0.873115599155426, 0.8442211151123047, 0.8329145908355713, 0.8479899764060974, 0.8542713522911072, 0.8379396796226501, 0.8329145908355713, 0.8329145908355713], "loss": [3.562122106552124, 3.5268115997314453, 3.5078325271606445, 3.4658000469207764, 3.400745391845703, 3.3611624240875244, 3.2199923992156982, 3.05362606048584, 2.8598437309265137, 2.736241102218628, 2.546215295791626, 2.5550997257232666, 2.398655891418457, 2.2187674045562744, 2.2342264652252197, 2.1776206493377686, 2.1052680015563965, 2.0316078662872314, 1.9005249738693237, 1.8452672958374023, 1.6931604146957397, 1.6298558712005615, 1.550611138343811, 1.4514893293380737, 1.5588009357452393, 1.433813452720642, 1.3731021881103516, 1.3857004642486572, 1.3509113788604736, 1.3030586242675781, 1.2201805114746094, 1.2242450714111328, 1.1918914318084717, 1.2042508125305176, 1.0824793577194214, 1.1083399057388306, 1.1493597030639648, 0.9626219272613525, 0.9852093458175659, 0.960762083530426, 0.9261547327041626, 0.8500998020172119, 0.9593250751495361, 0.8962206244468689, 0.9060122966766357, 0.8772808909416199, 0.8466077446937561, 0.8842953443527222, 0.8847002387046814, 0.8503776788711548, 0.8424854278564453, 0.7960435748100281, 0.7679471969604492, 0.7995801568031311, 0.7468404173851013, 0.7349132895469666, 0.754486083984375, 0.7294333577156067, 0.7315781712532043, 0.6626904606819153, 0.6798494458198547, 0.719209611415863, 0.6542028188705444, 0.7167521715164185, 0.6841155290603638, 0.6747605204582214, 0.6289528608322144, 0.6607641577720642, 0.6570736765861511, 0.6510434746742249, 0.6657289862632751, 0.647730827331543, 0.659801721572876, 0.6186908483505249, 0.5489025712013245, 0.5750502943992615, 0.5958288908004761, 0.5585147142410278, 0.5340030193328857, 0.5190690755844116, 0.5600461363792419, 0.5667169690132141, 0.5111627578735352, 0.5600937008857727, 0.5869620442390442, 0.540058970451355, 0.5735011100769043, 0.5642837882041931, 0.570228636264801, 0.5498567223548889, 0.536939263343811, 0.5241814255714417, 0.4259811341762543, 0.46623674035072327, 0.5443626046180725, 0.4660864472389221, 0.47580620646476746, 0.5317021012306213, 0.4839288592338562, 0.5099433660507202], "val_accuracy": [0.01005025114864111, 0.02512562833726406, 0.055276382714509964, 0.09045226126909256, 0.060301508754491806, 0.0954773873090744, 0.21105527877807617, 0.24120603501796722, 0.28140702843666077, 0.3065326511859894, 0.4070351719856262, 0.37185928225517273, 0.47236180305480957, 0.5075376629829407, 0.49246230721473694, 0.5376884341239929, 0.5326633453369141, 0.5628140568733215, 0.6080402135848999, 0.6482412219047546, 0.6180904507637024, 0.643216073513031, 0.6934673190116882, 0.6582914590835571, 0.6783919334411621, 0.713567852973938, 0.7386934757232666, 0.7286432385444641, 0.7537688612937927, 0.7688442468643188, 0.7537688612937927, 0.7437185645103455, 0.7738693356513977, 0.7788944840431213, 0.7989949584007263, 0.7839195728302002, 0.7889447212219238, 0.8341708779335022, 0.8291457295417786, 0.8140703439712524, 0.8090452551841736, 0.80402010679245, 0.8291457295417786, 0.8341708779335022, 0.80402010679245, 0.8341708779335022, 0.7939698696136475, 0.8542713522911072, 0.8542713522911072, 0.8241205811500549, 0.8592965006828308, 0.8090452551841736, 0.8643215894699097, 0.8492462038993835, 0.8542713522911072, 0.8241205811500549, 0.8643215894699097, 0.8743718862533569, 0.8492462038993835, 0.8643215894699097, 0.8492462038993835, 0.8492462038993835, 0.8592965006828308, 0.8592965006828308, 0.8341708779335022, 0.8693467378616333, 0.8592965006828308, 0.8542713522911072, 0.8693467378616333, 0.8743718862533569, 0.8793969750404358, 0.8693467378616333, 0.8844221234321594, 0.8793969750404358, 0.9045225977897644, 0.8844221234321594, 0.8542713522911072, 0.8894472122192383, 0.8894472122192383, 0.8994975090026855, 0.8844221234321594, 0.8944723606109619, 0.8793969750404358, 0.8994975090026855, 0.8542713522911072, 0.8743718862533569, 0.8944723606109619, 0.8844221234321594, 0.8844221234321594, 0.8844221234321594, 0.9195979833602905, 0.909547746181488, 0.9045225977897644, 0.8994975090026855, 0.8894472122192383, 0.9195979833602905, 0.8944723606109619, 0.9045225977897644, 0.8944723606109619, 0.8944723606109619],