{"accuracy": [0.09310850501060486, 0.3955278694629669, 0.579912006855011, 0.7093108296394348, 0.8049853444099426, 0.8526393175125122, 0.8804985284805298, 0.9189882874488831, 0.9347507357597351, 0.9483137726783752, 0.945381224155426, 0.9534457325935364, 0.9589442610740662, 0.9670087695121765, 0.9637096524238586, 0.9688416719436646, 0.9640762209892273, 0.9743402004241943, 0.9813050031661987, 0.9794721603393555, 0.9754399061203003, 0.9717742204666138, 0.9750733375549316, 0.9816715717315674, 0.9765396118164062], "loss": [3.83339524269104, 2.3467230796813965, 1.5110867023468018, 1.0068343877792358, 0.6765591502189636, 0.47087201476097107, 0.36671382188796997, 0.2512822449207306, 0.2194390594959259, 0.1682916283607483, 0.16959993541240692, 0.1393267661333084, 0.12473995983600616, 0.09217026829719543, 0.13120639324188232, 0.0983528271317482, 0.09607647359371185, 0.07720661908388138, 0.05846264585852623, 0.0677780732512474, 0.07225316017866135, 0.07930225133895874, 0.06906485557556152, 0.05534600466489792, 0.0741463154554367], "val_accuracy": [0.331378310918808, 0.5351906418800354, 0.589442789554596, 0.6422287225723267, 0.6348973512649536, 0.6759530901908875, 0.6612903475761414, 0.6480938196182251, 0.6612903475761414, 0.6818181872367859, 0.6759530901908875, 0.6950146555900574, 0.6715542674064636, 0.6803519129753113, 0.6744868159294128, 0.6818181872367859, 0.6744868159294128, 0.6774193644523621, 0.6656891703605652, 0.6847507357597351, 0.6818181872367859, 0.6612903475761414, 0.6920821070671082, 0.6920821070671082, 0.6862170100212097], "val_loss": [2.829723834991455, 1.8676300048828125, 1.5161622762680054, 1.4097388982772827, 1.4552764892578125, 1.4520893096923828, 1.4655578136444092, 1.6293467283248901, 1.519172191619873, 1.643904447555542, 1.6358680725097656, 1.718933343887329, 1.6859098672866821, 1.7738186120986938, 1.6959004402160645, 1.9250473976135254, 1.9040699005126953, 1.9494110345840454, 1.9612480401992798, 2.0044357776641846, 2.039106607437134, 1.940751552581787, 1.9303382635116577, 2.2322635650634766, 1.9795122146606445]}