{"loss": [4.141099452972412, 4.057469367980957, 3.80511736869812, 3.647226095199585, 3.4857776165008545, 3.315523862838745, 3.127690553665161, 2.9198203086853027, 2.7427871227264404, 2.5779192447662354, 2.4682343006134033, 2.3205196857452393, 2.2571089267730713, 2.1615021228790283, 2.0593583583831787, 1.9795396327972412, 1.913297176361084, 1.8509353399276733, 1.8048804998397827, 1.7362946271896362, 1.747822642326355, 1.65471351146698, 1.6040332317352295, 1.5777162313461304, 1.5588456392288208, 1.5380998849868774, 1.4793446063995361, 1.4654109477996826, 1.4145456552505493, 1.4049612283706665, 1.3511403799057007, 1.3603205680847168, 1.335595965385437, 1.3194056749343872, 1.327975869178772, 1.2469524145126343, 1.2880746126174927, 1.2429035902023315, 1.253702998161316, 1.2161767482757568, 1.2175586223602295, 1.2219607830047607, 1.210692048072815, 1.1585575342178345, 1.1424791812896729, 1.1402229070663452, 1.1527787446975708, 1.1292423009872437, 1.1327264308929443, 1.1475410461425781, 1.0398954153060913, 1.0910745859146118, 1.078278660774231, 1.057320475578308, 1.0709211826324463, 1.0807524919509888, 1.0495506525039673, 1.0251113176345825, 1.0704909563064575, 1.0158542394638062, 0.9818413853645325, 1.0006517171859741, 0.9749442338943481, 1.0079208612442017, 0.9775135517120361, 0.9789817333221436, 0.962348461151123, 0.9580085277557373, 0.9650889039039612, 0.9275085926055908, 0.9319278001785278, 0.9353389143943787, 0.9398059844970703, 0.9315711855888367, 0.9411694407463074, 0.9043174386024475, 0.8911916613578796, 0.8971375823020935, 0.8809600472450256, 0.8684025406837463, 0.9001114964485168, 0.910805881023407, 0.8820441961288452, 0.8781741857528687, 0.8766092658042908, 0.8882956504821777, 0.8809943199157715, 0.8536503314971924, 0.812103271484375, 0.8600896000862122, 0.8041176795959473, 0.8722134828567505, 0.8376020193099976, 0.8413339257240295, 0.8276706337928772, 0.7984228730201721, 0.8194076418876648, 0.8180246949195862, 0.7825492024421692, 0.8103653192520142], "accuracy": [0.01429618801921606, 0.027492668479681015, 0.060850441455841064, 0.0843108519911766, 0.1004398837685585, 0.12206745147705078, 0.18035191297531128, 0.21370968222618103, 0.23973606526851654, 0.2822580635547638, 0.30021995306015015, 0.3288123309612274, 0.34934017062187195, 0.3790322542190552, 0.3863636255264282, 0.4156891405582428, 0.4263196587562561, 0.44758063554763794, 0.4578445851802826, 0.47910556197166443, 0.4692082107067108, 0.4937683343887329, 0.5051319599151611, 0.526392936706543, 0.5311583280563354, 0.5318915247917175, 0.5542522072792053, 0.5568181872367859, 0.5700146555900574, 0.5722140669822693, 0.5806451439857483, 0.5890762209892273, 0.5802785754203796, 0.589442789554596, 0.598607063293457, 0.6129032373428345, 0.6173020601272583, 0.6195014715194702, 0.6074047088623047, 0.6206011772155762, 0.633431077003479, 0.623900294303894, 0.6308650970458984, 0.6363636255264282, 0.6411290168762207, 0.6440615653991699, 0.6367301940917969, 0.6400293111801147, 0.6499266624450684, 0.6352639198303223, 0.6671554446220398, 0.6543254852294922, 0.6524926424026489, 0.6686217188835144, 0.6704545617103577, 0.6583577990531921, 0.6594575047492981, 0.6722874045372009, 0.6572580933570862, 0.6891495585441589, 0.6829178929328918, 0.6818181872367859, 0.6774193644523621, 0.6818181872367859, 0.6836510300636292, 0.695381224155426, 0.688049852848053, 0.6968474984169006, 0.6942815184593201, 0.6990469098091125, 0.7012463212013245, 0.7063782811164856, 0.6902492642402649, 0.7056451439857483, 0.7019794583320618, 0.7089442610740662, 0.7085776925086975, 0.7096773982048035, 0.7206745147705078, 0.7265396118164062, 0.7126099467277527, 0.7074779868125916, 0.7096773982048035, 0.7104105353355408, 0.7195748090744019, 0.7159090638160706, 0.7129765152931213, 0.7214076519012451, 0.7390029430389404, 0.7225073575973511, 0.7276393175125122, 0.7184750437736511, 0.7335044145584106, 0.7280058860778809, 0.7346041202545166, 0.7423020601272583, 0.7261730432510376, 0.7379032373428345, 0.7459677457809448, 0.7364369630813599], "val_loss": [4.116450786590576, 3.7974162101745605, 3.4595353603363037, 3.2420525550842285, 3.004772663116455, 2.690319538116455, 2.4073684215545654, 2.1201467514038086, 1.9731367826461792, 2.17121958732605, 1.641948938369751, 1.534712314605713, 1.5482078790664673, 1.3980363607406616, 1.3670790195465088, 1.246457576751709, 1.18452787399292, 1.1297802925109863, 1.0669015645980835, 1.034825325012207, 1.052216649055481, 1.162861943244934, 0.967585563659668, 0.9630646109580994, 1.124267578125, 0.8750773072242737, 0.8614001870155334, 0.8559505939483643, 1.0645427703857422, 0.8705322742462158, 0.8809540867805481, 0.8047327995300293, 0.7904864549636841, 0.8059515357017517, 0.7332854866981506, 0.7899404168128967, 0.7146230340003967, 0.8145996928215027, 0.7496393918991089, 0.729834258556366, 0.704481303691864, 0.6953113079071045, 0.6909839510917664, 0.7294948101043701, 0.6689836382865906, 0.6603854298591614, 0.6790943145751953, 0.7025694251060486, 0.65815269947052, 0.6843248009681702, 0.6986733675003052, 0.8513740301132202, 0.6767059564590454, 0.9358296990394592, 0.6721704006195068, 0.6603519320487976, 0.6595911383628845, 0.6245831251144409, 0.7391045689582825, 0.6508464217185974, 0.5798823833465576, 0.5845885276794434, 0.6341235041618347, 0.6563394665718079, 0.6146725416183472, 0.569259762763977, 0.6344782710075378, 0.6324323415756226, 0.5907312631607056, 0.612443745136261, 0.6142498850822449, 0.6418683528900146, 0.6347370147705078, 0.6883441805839539, 0.6571773290634155, 0.560296893119812, 0.6729802489280701, 0.564474880695343, 0.6059557795524597, 0.6296485066413879, 0.5823567509651184, 0.6357909440994263, 0.7053804993629456, 0.6886302828788757, 0.6719339489936829, 0.7495782971382141, 0.5758768320083618, 0.6007599830627441, 0.6474648118019104, 0.6198997497558594, 0.5911277532577515, 0.5755347013473511, 0.6646702885627747, 0.6345615386962891, 0.6463655829429626, 0.6476253867149353, 0.6210745573043823, 0.5561447143554688, 0.6388708353042603, 0.593580961227417],