{"accuracy": [0.032663315534591675, 0.07286432385444641, 0.16959798336029053, 0.25753769278526306, 0.4045226275920868, 0.5640703439712524, 0.7010050415992737, 0.7814070582389832, 0.8454774022102356, 0.8894472122192383, 0.9183416962623596, 0.9560301303863525, 0.9384422302246094, 0.9535176157951355, 0.9623115658760071, 0.9698492288589478, 0.9673366546630859, 0.9723618030548096, 0.9773869514465332, 0.9761306643486023, 0.9723618030548096, 0.9811557531356812, 0.983668327331543, 0.9899497628211975, 0.9773869514465332], "loss": [3.5437490940093994, 3.406862735748291, 3.0435619354248047, 2.5810718536376953, 2.004460096359253, 1.4433629512786865, 0.9430288076400757, 0.671500563621521, 0.48800551891326904, 0.3207595944404602, 0.24397800862789154, 0.16268527507781982, 0.19074870645999908, 0.14213380217552185, 0.11006768047809601, 0.08743640035390854, 0.08527708798646927, 0.07209888100624084, 0.07552801817655563, 0.07465481758117676, 0.07353560626506805, 0.0695059597492218, 0.04672125726938248, 0.038391049951314926, 0.0699223130941391], "val_accuracy": [0.030150754377245903, 0.10050251334905624, 0.20603014528751373, 0.2763819098472595, 0.3366834223270416, 0.45728641748428345, 0.43718594312667847, 0.4773869216442108, 0.44723618030548096, 0.49246230721473694, 0.5025125741958618, 0.44723618030548096, 0.48241207003593445, 0.4623115658760071, 0.47236180305480957, 0.5226130485534668, 0.47236180305480957, 0.48241207003593445, 0.4271356761455536, 0.4673366844654083, 0.47236180305480957, 0.4974874258041382, 0.5175879597663879, 0.48241207003593445, 0.49246230721473694], "val_loss": [3.521479845046997, 3.339601993560791, 2.9291434288024902, 2.540295362472534, 2.3345351219177246, 2.094524621963501, 2.1553733348846436, 2.239142894744873, 2.095391273498535, 2.331733226776123, 2.300816297531128, 2.460275888442993, 2.324547529220581, 2.693845272064209, 2.517857313156128, 2.587134599685669, 2.856663942337036, 2.90604567527771, 2.902566432952881, 2.8892951011657715, 3.009181022644043, 2.8414056301116943, 3.052340507507324, 3.0657379627227783, 2.9870402812957764]}